Student ID,Level,Attempt
STU_G8_ID29,Level 1,1
STU_G8_ID29,Level 4,1
STU_G8_ID29,Level 1,1
STU_G8_ID29,Level 1,1
STU_G8_ID29,Level 1,1
STU_G8_ID29,Level 4,1
STU_G8_ID29,Level 1,1
STU_G8_ID29,Level 4,1
STU_G8_ID29,Level 1,1
STU_G8_ID29,Level 1,1
STU_G8_ID29,Level 1,0
STU_G8_ID29,Level 1,1
STU_G8_ID29,Level 1,1
STU_G8_ID29,Level 4,1
STU_G8_ID29,Level 1,1
STU_G8_ID29,Level 1,1
STU_G8_ID29,Level 1,1
STU_G8_ID29,Level 4,1
STU_G8_ID29,Level 1,1
STU_G8_ID29,Level 1,1
STU_G8_ID29,Level 1,1
STU_G8_ID57,Level 1,1
STU_G8_ID57,Level 2,0
STU_G8_ID57,Level 4,1
STU_G8_ID57,Level 4,0
STU_G8_ID57,Level 3,1
STU_G8_ID57,Level 4,0
STU_G8_ID57,Level 4,0
STU_G8_ID57,Level 1,1
STU_G8_ID57,Level 4,1
STU_G8_ID57,Level 2,1
STU_G8_ID57,Level 4,1
STU_G8_ID57,Level 4,1
STU_G8_ID57,Level 4,1
STU_G8_ID57,Level 4,1
STU_G8_ID57,Level 1,1
STU_G8_ID57,Level 3,0
STU_G8_ID57,Level 2,1
STU_G8_ID57,Level 4,1
STU_G8_ID57,Level 4,0
STU_G8_ID57,Level 1,1
STU_G8_ID57,Level 4,0
STU_G8_ID57,Level 1,1
STU_G8_ID57,Level 3,1
STU_G8_ID57,Level 4,1
STU_G8_ID57,Level 2,1
STU_G8_ID57,Level 2,0
STU_G8_ID57,Level 4,1
STU_G8_ID57,Level 3,1
STU_G8_ID57,Level 2,1
STU_G8_ID57,Level 2,1
STU_G8_ID57,Level 4,1
STU_G8_ID57,Level 1,1
STU_G8_ID57,Level 2,0
STU_G8_ID57,Level 3,1
STU_G8_ID57,Level 4,0
STU_G8_ID57,Level 1,1
STU_G8_ID57,Level 3,0
STU_G8_ID57,Level 4,0
STU_G8_ID57,Level 1,1
STU_G8_ID57,Level 2,1
STU_G8_ID57,Level 3,1
STU_G8_ID57,Level 4,0
STU_G8_ID57,Level 1,1
STU_G8_ID57,Level 4,1
STU_G8_ID57,Level 4,1
STU_G8_ID57,Level 4,1
STU_G8_ID57,Level 4,0
STU_G8_ID57,Level 4,1
STU_G8_ID57,Level 4,1
STU_G8_ID57,Level 4,1
STU_G8_ID57,Level 2,1
STU_G8_ID57,Level 2,1
STU_G8_ID57,Level 4,1
STU_G8_ID57,Level 2,1
STU_G8_ID57,Level 4,1
STU_G8_ID57,Level 3,1
STU_G8_ID57,Level 2,1
STU_G8_ID57,Level 1,1
STU_G8_ID57,Level 1,1
STU_G8_ID57,Level 4,1
STU_G8_ID57,Level 3,1
STU_G8_ID57,Level 3,1
STU_G8_ID57,Level 4,0
STU_G8_ID57,Level 4,1
STU_G8_ID57,Level 1,0
STU_G8_ID57,Level 2,1
STU_G8_ID57,Level 1,1
STU_G8_ID57,Level 1,1
STU_G8_ID57,Level 3,0
STU_G8_ID57,Level 1,1
STU_G8_ID57,Level 4,0
STU_G8_ID57,Level 3,1
STU_G8_ID57,Level 3,0
STU_G8_ID57,Level 1,1
STU_G8_ID57,Level 1,1
STU_G8_ID57,Level 4,1
STU_G8_ID57,Level 4,0
STU_G8_ID57,Level 3,1
STU_G8_ID57,Level 4,1
STU_G8_ID57,Level 1,1
STU_G8_ID57,Level 3,0
STU_G8_ID57,Level 3,1
STU_G8_ID57,Level 4,1
STU_G8_ID57,Level 3,1
STU_G8_ID57,Level 1,0
STU_G8_ID57,Level 4,1
STU_G8_ID57,Level 3,1
STU_G8_ID57,Level 4,1
STU_G8_ID57,Level 2,1
STU_G8_ID57,Level 3,1
STU_G8_ID57,Level 2,1
STU_G8_ID57,Level 1,1
STU_G8_ID57,Level 2,1
STU_G8_ID57,Level 3,0
STU_G8_ID57,Level 1,1
STU_G8_ID57,Level 1,0
STU_G8_ID57,Level 4,1
STU_G8_ID57,Level 3,0
STU_G8_ID57,Level 2,1
STU_G8_ID57,Level 3,1
STU_G8_ID57,Level 3,1
STU_G8_ID57,Level 2,1
STU_G8_ID57,Level 4,0
STU_G8_ID57,Level 1,1
STU_G8_ID57,Level 1,1
STU_G8_ID57,Level 4,1
STU_G8_ID57,Level 4,1
STU_G8_ID57,Level 4,1
STU_G8_ID57,Level 4,0
STU_G8_ID57,Level 3,1
STU_G8_ID57,Level 1,1
STU_G8_ID57,Level 4,1
STU_G8_ID57,Level 4,1
STU_G8_ID57,Level 2,1
STU_G8_ID57,Level 4,0
STU_G8_ID57,Level 4,0
STU_G8_ID57,Level 1,0
STU_G8_ID57,Level 1,0
STU_G8_ID57,Level 3,1
STU_G8_ID57,Level 2,1
STU_G8_ID57,Level 4,1
STU_G8_ID57,Level 2,1
STU_G8_ID57,Level 4,1
STU_G8_ID57,Level 2,1
STU_G8_ID57,Level 3,1
STU_G8_ID57,Level 4,1
STU_G8_ID57,Level 3,1
STU_G8_ID57,Level 4,1
STU_G8_ID57,Level 2,0
STU_G8_ID57,Level 1,1
STU_G8_ID57,Level 2,1
STU_G8_ID57,Level 4,0
STU_G8_ID57,Level 1,1
STU_G8_ID57,Level 2,1
STU_G8_ID57,Level 2,1
STU_G8_ID57,Level 4,0
STU_G8_ID57,Level 4,1
STU_G8_ID57,Level 4,1
STU_G8_ID57,Level 4,0
STU_G8_ID57,Level 2,1
STU_G8_ID57,Level 2,1
STU_G8_ID57,Level 1,1
STU_G8_ID57,Level 4,1
STU_G8_ID57,Level 3,0
STU_G8_ID57,Level 4,1
STU_G8_ID57,Level 3,1
STU_G8_ID57,Level 1,1
STU_G8_ID57,Level 4,1
STU_G8_ID57,Level 4,1
STU_G8_ID57,Level 1,1
STU_G8_ID57,Level 4,1
STU_G8_ID57,Level 4,0
STU_G8_ID57,Level 4,0
STU_G8_ID57,Level 2,1
STU_G8_ID57,Level 2,1
STU_G8_ID57,Level 4,1
STU_G8_ID57,Level 2,1
STU_G8_ID57,Level 4,1
STU_G8_ID57,Level 4,1
STU_G8_ID57,Level 4,1
STU_G8_ID57,Level 1,1
STU_G8_ID57,Level 2,0
STU_G8_ID57,Level 1,1
STU_G8_ID57,Level 4,1
STU_G8_ID57,Level 1,1
STU_G8_ID57,Level 4,1
STU_G8_ID57,Level 4,0
STU_G8_ID57,Level 4,1
STU_G8_ID57,Level 2,1
STU_G8_ID57,Level 2,0
STU_G8_ID57,Level 1,0
STU_G8_ID57,Level 2,1
STU_G8_ID57,Level 2,1
STU_G8_ID57,Level 4,1
STU_G8_ID57,Level 2,1
STU_G8_ID57,Level 2,1
STU_G8_ID57,Level 2,1
STU_G8_ID57,Level 2,1
STU_G8_ID57,Level 1,1
STU_G8_ID57,Level 4,0
STU_G8_ID57,Level 4,1
STU_G8_ID57,Level 4,1
STU_G8_ID57,Level 3,1
STU_G8_ID57,Level 3,1
STU_G8_ID57,Level 4,1
STU_G8_ID57,Level 2,1
STU_G8_ID57,Level 4,1
STU_G8_ID57,Level 2,1
STU_G8_ID57,Level 4,1
STU_G8_ID57,Level 2,1
STU_G8_ID57,Level 2,1
STU_G8_ID57,Level 2,1
STU_G8_ID57,Level 4,0
STU_G8_ID57,Level 1,0
STU_G8_ID57,Level 4,1
STU_G8_ID57,Level 4,0
STU_G8_ID57,Level 3,0
STU_G8_ID57,Level 4,1
STU_G8_ID57,Level 3,1
STU_G8_ID57,Level 1,1
STU_G8_ID57,Level 1,0
STU_G8_ID57,Level 1,1
STU_G8_ID57,Level 1,1
STU_G8_ID57,Level 4,0
STU_G8_ID57,Level 4,0
STU_G8_ID57,Level 4,1
STU_G8_ID57,Level 4,1
STU_G8_ID57,Level 3,0
STU_G8_ID57,Level 4,1
STU_G8_ID57,Level 3,1
STU_G8_ID57,Level 3,0
STU_G8_ID57,Level 3,0
STU_G8_ID57,Level 3,1
STU_G8_ID57,Level 2,1
STU_G8_ID57,Level 1,1
STU_G8_ID57,Level 3,1
STU_G8_ID57,Level 1,0
STU_G8_ID57,Level 1,1
STU_G8_ID57,Level 4,1
STU_G8_ID57,Level 2,1
STU_G8_ID57,Level 3,1
STU_G8_ID57,Level 4,1
STU_G8_ID57,Level 2,1
STU_G8_ID57,Level 4,1
STU_G8_ID57,Level 4,0
STU_G8_ID57,Level 2,1
STU_G8_ID57,Level 1,1
STU_G8_ID57,Level 1,1
STU_G8_ID57,Level 4,1
STU_G8_ID57,Level 2,0
STU_G8_ID57,Level 3,1
STU_G8_ID57,Level 4,1
STU_G8_ID57,Level 3,1
STU_G8_ID57,Level 3,1
STU_G8_ID57,Level 4,1
STU_G8_ID57,Level 3,1
STU_G8_ID57,Level 3,1
STU_G8_ID57,Level 4,0
STU_G8_ID57,Level 3,1
STU_G8_ID57,Level 4,1
STU_G8_ID57,Level 1,1
STU_G8_ID57,Level 1,0
STU_G8_ID57,Level 1,1
STU_G8_ID57,Level 1,1
STU_G8_ID57,Level 4,0
STU_G8_ID57,Level 4,1
STU_G8_ID57,Level 1,1
STU_G8_ID57,Level 1,1
STU_G8_ID57,Level 4,1
STU_G8_ID57,Level 4,1
STU_G8_ID57,Level 4,1
STU_G8_ID57,Level 4,1
STU_G8_ID57,Level 1,1
STU_G8_ID57,Level 2,1
STU_G8_ID57,Level 2,1
STU_G8_ID57,Level 1,1
STU_G8_ID57,Level 4,1
STU_G8_ID57,Level 4,1
STU_G8_ID245,Level 4,0
STU_G8_ID245,Level 3,0
STU_G8_ID245,Level 3,0
STU_G8_ID245,Level 4,1
STU_G8_ID245,Level 1,1
STU_G8_ID245,Level 3,0
STU_G8_ID245,Level 3,1
STU_G8_ID245,Level 3,1
STU_G8_ID245,Level 3,1
STU_G8_ID245,Level 3,0
STU_G8_ID245,Level 1,0
STU_G8_ID245,Level 3,1
STU_G8_ID245,Level 1,1
STU_G8_ID245,Level 3,0
STU_G8_ID245,Level 2,0
STU_G8_ID245,Level 3,0
STU_G8_ID245,Level 1,0
STU_G8_ID245,Level 3,0
STU_G8_ID245,Level 3,1
STU_G8_ID245,Level 1,0
STU_G8_ID245,Level 3,0
STU_G8_ID245,Level 1,1
STU_G8_ID245,Level 1,1
STU_G8_ID245,Level 4,0
STU_G8_ID245,Level 4,0
STU_G8_ID245,Level 4,1
STU_G8_ID245,Level 1,1
STU_G8_ID245,Level 4,1
STU_G8_ID245,Level 2,1
STU_G8_ID245,Level 3,1
STU_G8_ID245,Level 1,1
STU_G8_ID245,Level 1,1
STU_G8_ID245,Level 1,0
STU_G8_ID245,Level 3,0
STU_G8_ID245,Level 3,1
STU_G8_ID245,Level 4,0
STU_G8_ID245,Level 4,1
STU_G8_ID245,Level 1,0
STU_G8_ID245,Level 3,0
STU_G8_ID245,Level 4,1
STU_G8_ID245,Level 3,0
STU_G8_ID245,Level 4,1
STU_G8_ID245,Level 2,1
STU_G8_ID245,Level 4,1
STU_G8_ID245,Level 4,1
STU_G8_ID245,Level 4,0
STU_G8_ID245,Level 1,1
STU_G8_ID245,Level 3,1
STU_G8_ID245,Level 2,0
STU_G8_ID245,Level 3,0
STU_G8_ID245,Level 1,0
STU_G8_ID245,Level 4,0
STU_G8_ID245,Level 3,0
STU_G8_ID245,Level 2,0
STU_G8_ID245,Level 1,1
STU_G8_ID245,Level 3,1
STU_G8_ID245,Level 4,0
STU_G8_ID245,Level 1,0
STU_G8_ID245,Level 3,0
STU_G8_ID245,Level 4,0
STU_G8_ID245,Level 1,0
STU_G8_ID245,Level 3,0
STU_G8_ID245,Level 3,1
STU_G8_ID245,Level 4,0
STU_G8_ID245,Level 4,0
STU_G8_ID245,Level 2,1
STU_G8_ID245,Level 4,1
STU_G8_ID245,Level 3,0
STU_G8_ID245,Level 1,0
STU_G8_ID245,Level 4,1
STU_G8_ID245,Level 3,0
STU_G8_ID245,Level 1,1
STU_G8_ID245,Level 4,1
STU_G8_ID245,Level 1,0
STU_G8_ID245,Level 1,0
STU_G8_ID245,Level 3,1
STU_G8_ID245,Level 3,1
STU_G8_ID245,Level 1,0
STU_G8_ID245,Level 3,0
STU_G8_ID245,Level 3,1
STU_G8_ID245,Level 3,1
STU_G8_ID245,Level 1,0
STU_G8_ID245,Level 3,1
STU_G8_ID245,Level 1,1
STU_G8_ID245,Level 4,1
STU_G8_ID245,Level 3,0
STU_G8_ID245,Level 4,1
STU_G8_ID245,Level 3,1
STU_G8_ID245,Level 2,1
STU_G8_ID245,Level 4,1
STU_G8_ID245,Level 3,1
STU_G8_ID245,Level 2,0
STU_G8_ID245,Level 2,1
STU_G8_ID245,Level 3,0
STU_G8_ID245,Level 3,1
STU_G8_ID245,Level 1,0
STU_G8_ID245,Level 3,0
STU_G8_ID245,Level 3,0
STU_G8_ID245,Level 3,0
STU_G8_ID245,Level 1,1
STU_G8_ID245,Level 3,1
STU_G8_ID245,Level 3,0
STU_G8_ID245,Level 3,0
STU_G8_ID245,Level 1,1
STU_G8_ID245,Level 1,1
STU_G8_ID245,Level 1,1
STU_G8_ID245,Level 4,1
STU_G8_ID245,Level 3,1
STU_G8_ID245,Level 3,1
STU_G8_ID245,Level 1,1
STU_G8_ID245,Level 3,1
STU_G8_ID245,Level 3,0
STU_G8_ID245,Level 4,1
STU_G8_ID245,Level 3,1
STU_G8_ID245,Level 3,1
STU_G8_ID245,Level 2,1
STU_G8_ID245,Level 3,0
STU_G8_ID245,Level 3,0
STU_G8_ID245,Level 3,1
STU_G8_ID245,Level 3,0
STU_G8_ID245,Level 1,1
STU_G8_ID245,Level 4,1
STU_G8_ID245,Level 1,0
STU_G8_ID245,Level 3,1
STU_G8_ID245,Level 1,1
STU_G8_ID245,Level 1,1
STU_G8_ID245,Level 3,0
STU_G8_ID245,Level 3,1
STU_G8_ID245,Level 3,0
STU_G8_ID245,Level 3,1
STU_G8_ID245,Level 3,0
STU_G8_ID245,Level 1,1
STU_G8_ID245,Level 4,0
STU_G8_ID245,Level 4,0
STU_G8_ID245,Level 2,1
STU_G8_ID245,Level 3,1
STU_G8_ID245,Level 3,1
STU_G8_ID245,Level 3,0
STU_G8_ID245,Level 4,1
STU_G8_ID245,Level 1,0
STU_G8_ID245,Level 2,1
STU_G8_ID245,Level 1,0
STU_G8_ID245,Level 3,0
STU_G8_ID245,Level 4,0
STU_G8_ID245,Level 4,1
STU_G8_ID245,Level 4,1
STU_G8_ID245,Level 2,1
STU_G8_ID245,Level 3,1
STU_G8_ID245,Level 3,1
STU_G8_ID245,Level 3,0
STU_G8_ID245,Level 1,1
STU_G8_ID245,Level 2,1
STU_G8_ID245,Level 4,1
STU_G8_ID245,Level 1,1
STU_G8_ID245,Level 3,0
STU_G8_ID245,Level 2,1
STU_G8_ID245,Level 2,1
STU_G8_ID245,Level 2,1
STU_G8_ID245,Level 4,0
STU_G8_ID245,Level 3,0
STU_G8_ID245,Level 3,1
STU_G8_ID245,Level 1,1
STU_G8_ID245,Level 3,0
STU_G8_ID245,Level 1,0
STU_G8_ID245,Level 3,0
STU_G8_ID245,Level 3,0
STU_G8_ID245,Level 3,0
STU_G8_ID245,Level 1,1
STU_G8_ID245,Level 3,1
STU_G8_ID245,Level 2,0
STU_G8_ID245,Level 4,1
STU_G8_ID245,Level 1,1
STU_G8_ID245,Level 3,1
STU_G8_ID245,Level 4,0
STU_G8_ID245,Level 2,1
STU_G8_ID245,Level 3,1
STU_G8_ID245,Level 3,0
STU_G8_ID245,Level 1,1
STU_G8_ID245,Level 3,1
STU_G8_ID245,Level 3,0
STU_G8_ID245,Level 2,1
STU_G8_ID245,Level 4,0
STU_G8_ID245,Level 1,1
STU_G8_ID245,Level 3,1
STU_G8_ID245,Level 3,0
STU_G8_ID245,Level 3,1
STU_G8_ID245,Level 4,1
STU_G8_ID245,Level 3,0
STU_G8_ID376,Level 4,1
STU_G8_ID376,Level 1,0
STU_G8_ID376,Level 4,1
STU_G8_ID376,Level 1,1
STU_G8_ID376,Level 2,1
STU_G8_ID376,Level 2,1
STU_G8_ID376,Level 4,1
STU_G8_ID376,Level 4,1
STU_G8_ID376,Level 4,1
STU_G8_ID376,Level 4,1
STU_G8_ID376,Level 4,0
STU_G8_ID376,Level 4,1
STU_G8_ID376,Level 1,1
STU_G8_ID376,Level 2,1
STU_G8_ID376,Level 4,1
STU_G8_ID376,Level 1,1
STU_G8_ID376,Level 4,1
STU_G8_ID376,Level 3,1
STU_G8_ID376,Level 4,1
STU_G8_ID376,Level 3,0
STU_G8_ID376,Level 2,1
STU_G8_ID376,Level 3,0
STU_G8_ID376,Level 4,1
STU_G8_ID376,Level 2,1
STU_G8_ID376,Level 4,1
STU_G8_ID376,Level 4,1
STU_G8_ID376,Level 4,1
STU_G8_ID376,Level 4,1
STU_G8_ID376,Level 4,1
STU_G8_ID376,Level 4,1
STU_G8_ID376,Level 2,0
STU_G8_ID376,Level 4,1
STU_G8_ID376,Level 4,0
STU_G8_ID376,Level 4,1
STU_G8_ID376,Level 1,1
STU_G8_ID376,Level 4,1
STU_G8_ID376,Level 4,1
STU_G8_ID376,Level 4,0
STU_G8_ID376,Level 4,0
STU_G8_ID376,Level 4,1
STU_G8_ID376,Level 4,1
STU_G8_ID376,Level 2,1
STU_G8_ID376,Level 4,1
STU_G8_ID376,Level 2,1
STU_G8_ID376,Level 4,1
STU_G8_ID376,Level 2,1
STU_G8_ID376,Level 4,1
STU_G8_ID376,Level 4,1
STU_G8_ID376,Level 4,0
STU_G8_ID376,Level 2,1
STU_G8_ID376,Level 4,1
STU_G8_ID376,Level 3,0
STU_G8_ID376,Level 4,1
STU_G8_ID376,Level 4,0
STU_G8_ID376,Level 2,0
STU_G8_ID376,Level 4,1
STU_G8_ID376,Level 4,1
STU_G8_ID376,Level 4,1
STU_G8_ID376,Level 4,0
STU_G8_ID376,Level 4,1
STU_G8_ID376,Level 3,1
STU_G8_ID376,Level 4,1
STU_G8_ID376,Level 4,0
STU_G8_ID376,Level 4,1
STU_G8_ID376,Level 4,1
STU_G8_ID376,Level 1,0
STU_G8_ID376,Level 4,1
STU_G8_ID376,Level 4,1
STU_G8_ID376,Level 4,0
STU_G8_ID376,Level 4,1
STU_G8_ID376,Level 4,1
STU_G8_ID376,Level 4,1
STU_G8_ID376,Level 4,1
STU_G8_ID376,Level 4,1
STU_G8_ID376,Level 2,1
STU_G8_ID376,Level 4,1
STU_G8_ID376,Level 4,1
STU_G8_ID376,Level 4,1
STU_G8_ID376,Level 4,1
STU_G8_ID376,Level 1,1
STU_G8_ID376,Level 3,1
STU_G8_ID376,Level 4,1
STU_G8_ID376,Level 4,0
STU_G8_ID376,Level 1,1
STU_G8_ID376,Level 1,1
STU_G8_ID376,Level 1,1
STU_G8_ID376,Level 4,1
STU_G8_ID376,Level 4,0
STU_G8_ID376,Level 4,0
STU_G8_ID376,Level 2,1
STU_G8_ID376,Level 1,0
STU_G8_ID376,Level 4,0
STU_G8_ID376,Level 4,1
STU_G8_ID376,Level 4,1
STU_G8_ID376,Level 4,1
STU_G8_ID376,Level 1,1
STU_G8_ID376,Level 1,1
STU_G8_ID376,Level 4,1
STU_G8_ID376,Level 4,0
STU_G8_ID376,Level 4,1
STU_G8_ID376,Level 4,0
STU_G8_ID376,Level 2,1
STU_G8_ID376,Level 4,1
STU_G8_ID376,Level 2,1
STU_G8_ID376,Level 4,1
STU_G8_ID376,Level 4,1
STU_G8_ID376,Level 4,1
STU_G8_ID376,Level 1,1
STU_G8_ID376,Level 4,1
STU_G8_ID376,Level 4,1
STU_G8_ID376,Level 3,0
STU_G8_ID376,Level 4,1
STU_G8_ID376,Level 4,1
STU_G8_ID376,Level 4,1
STU_G8_ID376,Level 4,1
STU_G8_ID376,Level 1,1
STU_G8_ID376,Level 4,1
STU_G8_ID376,Level 4,1
STU_G8_ID376,Level 4,0
STU_G8_ID376,Level 4,1
STU_G8_ID376,Level 1,0
STU_G8_ID376,Level 4,0
STU_G8_ID376,Level 4,0
STU_G8_ID376,Level 4,1
STU_G8_ID376,Level 3,1
STU_G8_ID376,Level 4,1
STU_G8_ID376,Level 4,1
STU_G8_ID376,Level 4,1
STU_G8_ID376,Level 4,1
STU_G8_ID376,Level 4,1
STU_G8_ID376,Level 4,1
STU_G8_ID376,Level 4,1
STU_G8_ID376,Level 4,0
STU_G8_ID376,Level 1,0
STU_G8_ID376,Level 2,1
STU_G8_ID376,Level 4,1
STU_G8_ID376,Level 4,1
STU_G8_ID376,Level 4,1
STU_G8_ID376,Level 1,1
STU_G8_ID376,Level 4,1
STU_G8_ID376,Level 4,1
STU_G8_ID376,Level 4,1
STU_G8_ID376,Level 4,1
STU_G8_ID376,Level 4,1
STU_G8_ID376,Level 4,1
STU_G8_ID376,Level 4,1
STU_G8_ID376,Level 4,1
STU_G8_ID376,Level 3,0
STU_G8_ID376,Level 4,1
STU_G8_ID376,Level 4,1
STU_G8_ID376,Level 4,1
STU_G8_ID376,Level 4,0
STU_G8_ID376,Level 1,1
STU_G8_ID376,Level 4,1
STU_G8_ID376,Level 4,1
STU_G8_ID376,Level 1,0
STU_G8_ID376,Level 4,1
STU_G8_ID376,Level 4,1
STU_G8_ID376,Level 4,1
STU_G8_ID376,Level 1,1
STU_G8_ID376,Level 4,0
STU_G8_ID376,Level 4,1
STU_G8_ID376,Level 4,1
STU_G8_ID376,Level 4,1
STU_G8_ID376,Level 3,0
STU_G8_ID376,Level 4,0
STU_G8_ID376,Level 4,1
STU_G8_ID376,Level 4,1
STU_G8_ID376,Level 4,1
STU_G8_ID376,Level 4,1
STU_G8_ID376,Level 1,0
STU_G8_ID376,Level 4,1
STU_G8_ID376,Level 4,1
STU_G8_ID376,Level 4,1
STU_G8_ID376,Level 4,0
STU_G8_ID376,Level 4,0
STU_G8_ID376,Level 4,1
STU_G8_ID376,Level 4,1
STU_G8_ID376,Level 2,1
STU_G8_ID376,Level 2,1
STU_G8_ID376,Level 4,1
STU_G8_ID376,Level 2,1
STU_G8_ID376,Level 4,1
STU_G8_ID376,Level 4,1
STU_G8_ID376,Level 4,1
STU_G8_ID376,Level 1,1
STU_G8_ID376,Level 4,0
STU_G8_ID376,Level 3,1
STU_G8_ID376,Level 4,1
STU_G8_ID376,Level 4,1
STU_G8_ID376,Level 4,0
STU_G8_ID376,Level 1,1
STU_G8_ID376,Level 4,0
STU_G8_ID376,Level 4,1
STU_G8_ID376,Level 4,0
STU_G8_ID376,Level 2,1
STU_G8_ID376,Level 4,1
STU_G8_ID376,Level 4,1
STU_G8_ID376,Level 1,1
STU_G8_ID376,Level 4,1
STU_G8_ID376,Level 4,1
STU_G8_ID376,Level 1,1
STU_G8_ID376,Level 4,1
STU_G8_ID376,Level 4,1
STU_G8_ID376,Level 3,1
STU_G8_ID376,Level 1,1
STU_G8_ID376,Level 4,1
STU_G8_ID376,Level 4,1
STU_G8_ID376,Level 4,1
STU_G8_ID376,Level 4,0
STU_G8_ID376,Level 1,0
STU_G8_ID376,Level 4,0
STU_G8_ID376,Level 2,1
STU_G8_ID376,Level 4,1
STU_G8_ID376,Level 4,1
STU_G8_ID376,Level 4,1
STU_G8_ID376,Level 4,1
STU_G8_ID376,Level 4,1
STU_G8_ID376,Level 4,0
STU_G8_ID376,Level 4,0
STU_G8_ID376,Level 4,1
STU_G8_ID376,Level 4,0
STU_G8_ID376,Level 4,1
STU_G8_ID376,Level 4,1
STU_G8_ID376,Level 1,1
STU_G8_ID376,Level 4,1
STU_G8_ID376,Level 4,1
STU_G8_ID376,Level 4,0
STU_G8_ID376,Level 1,1
STU_G8_ID376,Level 4,1
STU_G8_ID376,Level 4,0
STU_G8_ID376,Level 4,0
STU_G8_ID376,Level 4,1
STU_G8_ID376,Level 4,1
STU_G8_ID376,Level 1,1
STU_G8_ID376,Level 1,1
STU_G8_ID376,Level 2,1
STU_G8_ID376,Level 4,0
STU_G8_ID376,Level 4,1
STU_G8_ID376,Level 4,1
STU_G8_ID376,Level 4,1
STU_G8_ID376,Level 4,1
STU_G8_ID376,Level 3,1
STU_G8_ID376,Level 1,1
STU_G8_ID376,Level 3,0
STU_G8_ID376,Level 1,0
STU_G8_ID376,Level 1,0
STU_G8_ID376,Level 4,1
STU_G8_ID376,Level 1,0
STU_G8_ID376,Level 4,1
STU_G8_ID376,Level 4,1
STU_G8_ID376,Level 4,1
STU_G8_ID376,Level 4,1
STU_G8_ID376,Level 4,1
STU_G8_ID376,Level 4,1
STU_G8_ID376,Level 4,0
STU_G8_ID376,Level 3,1
STU_G8_ID376,Level 1,0
STU_G8_ID376,Level 4,0
STU_G8_ID376,Level 2,1
STU_G8_ID376,Level 4,1
STU_G8_ID376,Level 1,1
STU_G8_ID376,Level 3,1
STU_G8_ID376,Level 4,1
STU_G8_ID376,Level 4,1
STU_G8_ID376,Level 4,1
STU_G8_ID376,Level 3,1
STU_G8_ID376,Level 4,1
STU_G8_ID376,Level 1,1
STU_G8_ID376,Level 4,0
STU_G8_ID376,Level 4,1
STU_G8_ID376,Level 4,1
STU_G8_ID376,Level 2,1
STU_G8_ID376,Level 1,0
STU_G8_ID376,Level 4,0
STU_G8_ID376,Level 1,1
STU_G8_ID376,Level 3,1
STU_G8_ID376,Level 4,1
STU_G8_ID376,Level 4,1
STU_G8_ID376,Level 1,1
STU_G8_ID376,Level 4,0
STU_G8_ID376,Level 4,1
STU_G8_ID376,Level 4,0
STU_G8_ID376,Level 4,1
STU_G8_ID376,Level 4,1
STU_G8_ID376,Level 4,1
STU_G8_ID376,Level 4,1
STU_G8_ID376,Level 4,0
STU_G8_ID376,Level 4,1
STU_G8_ID376,Level 4,1
STU_G8_ID376,Level 4,1
STU_G8_ID376,Level 4,1
STU_G8_ID376,Level 1,1
STU_G8_ID376,Level 4,1
STU_G8_ID376,Level 4,1
STU_G8_ID376,Level 4,1
STU_G8_ID376,Level 1,1
STU_G8_ID376,Level 4,1
STU_G8_ID376,Level 1,0
STU_G8_ID376,Level 4,1
STU_G8_ID376,Level 4,1
STU_G8_ID376,Level 4,1
STU_G8_ID376,Level 4,1
STU_G8_ID376,Level 4,1
STU_G8_ID376,Level 4,1
STU_G8_ID376,Level 4,0
STU_G8_ID376,Level 4,0
STU_G8_ID376,Level 4,1
STU_G8_ID376,Level 4,0
STU_G8_ID376,Level 4,1
STU_G8_ID376,Level 4,1
STU_G8_ID376,Level 4,0
STU_G8_ID376,Level 4,0
STU_G8_ID376,Level 4,1
STU_G8_ID376,Level 4,1
STU_G8_ID376,Level 4,1
STU_G8_ID376,Level 4,1
STU_G8_ID376,Level 4,1
STU_G8_ID376,Level 4,1
STU_G8_ID376,Level 4,0
STU_G8_ID376,Level 4,1
STU_G8_ID376,Level 3,1
STU_G8_ID376,Level 4,1
STU_G8_ID376,Level 4,1
STU_G8_ID376,Level 1,0
STU_G8_ID376,Level 4,1
STU_G8_ID376,Level 4,1
STU_G8_ID376,Level 4,1
STU_G8_ID376,Level 4,1
STU_G8_ID376,Level 2,1
STU_G8_ID376,Level 2,0
STU_G8_ID376,Level 4,1
STU_G8_ID376,Level 4,1
STU_G8_ID376,Level 4,1
STU_G8_ID376,Level 4,1
STU_G8_ID376,Level 4,1
STU_G8_ID376,Level 4,1
STU_G8_ID376,Level 2,1
STU_G8_ID376,Level 4,1
STU_G8_ID376,Level 3,1
STU_G8_ID376,Level 4,0
STU_G8_ID376,Level 4,1
STU_G8_ID376,Level 4,1
STU_G8_ID376,Level 4,0
STU_G8_ID376,Level 3,1
STU_G8_ID376,Level 1,0
STU_G8_ID376,Level 1,1
STU_G8_ID376,Level 4,1
STU_G8_ID376,Level 4,0
STU_G8_ID376,Level 4,1
STU_G8_ID376,Level 4,1
STU_G8_ID376,Level 4,1
STU_G8_ID376,Level 4,0
STU_G8_ID376,Level 4,1
STU_G8_ID376,Level 4,0
STU_G8_ID376,Level 3,1
STU_G8_ID376,Level 4,1
STU_G8_ID376,Level 4,1
STU_G8_ID376,Level 4,1
STU_G8_ID376,Level 1,1
STU_G8_ID376,Level 4,1
STU_G8_ID376,Level 4,1
STU_G8_ID376,Level 4,1
STU_G8_ID376,Level 4,0
STU_G8_ID376,Level 1,1
STU_G8_ID376,Level 4,1
STU_G8_ID376,Level 4,1
STU_G8_ID376,Level 3,0
STU_G8_ID376,Level 3,1
STU_G8_ID376,Level 4,1
STU_G8_ID376,Level 4,1
STU_G8_ID376,Level 4,1
STU_G8_ID376,Level 4,1
STU_G8_ID376,Level 4,1
STU_G8_ID376,Level 2,1
STU_G8_ID376,Level 4,1
STU_G8_ID376,Level 4,1
STU_G8_ID376,Level 4,0
STU_G8_ID376,Level 4,1
STU_G8_ID376,Level 4,1
STU_G8_ID376,Level 4,0
STU_G8_ID376,Level 2,1
STU_G8_ID376,Level 4,1
STU_G8_ID376,Level 4,1
STU_G8_ID376,Level 4,1
STU_G8_ID376,Level 4,1
STU_G8_ID376,Level 1,1
STU_G8_ID376,Level 4,1
STU_G8_ID376,Level 4,1
STU_G8_ID376,Level 4,1
STU_G8_ID376,Level 4,1
STU_G8_ID376,Level 4,0
STU_G8_ID376,Level 4,0
STU_G8_ID376,Level 4,1
STU_G8_ID376,Level 4,1
STU_G8_ID376,Level 4,0
STU_G8_ID376,Level 4,1
STU_G8_ID376,Level 4,0
STU_G8_ID376,Level 4,1
STU_G8_ID376,Level 4,1
STU_G8_ID376,Level 4,0
STU_G8_ID376,Level 4,1
STU_G8_ID376,Level 4,1
STU_G8_ID376,Level 4,0
STU_G8_ID376,Level 1,1
STU_G8_ID376,Level 4,0
STU_G8_ID376,Level 3,1
STU_G8_ID376,Level 2,1
STU_G8_ID376,Level 4,0
STU_G8_ID376,Level 4,1
STU_G8_ID376,Level 4,1
STU_G8_ID376,Level 4,1
STU_G8_ID376,Level 1,1
STU_G8_ID376,Level 4,1
STU_G8_ID376,Level 4,0
STU_G8_ID376,Level 4,1
STU_G8_ID376,Level 1,1
STU_G8_ID376,Level 1,1
STU_G8_ID376,Level 4,1
STU_G8_ID376,Level 4,1
STU_G8_ID376,Level 4,1
STU_G8_ID376,Level 1,1
STU_G8_ID376,Level 4,1
STU_G8_ID376,Level 4,0
STU_G8_ID376,Level 1,0
STU_G8_ID376,Level 4,1
STU_G8_ID376,Level 4,1
STU_G8_ID376,Level 4,1
STU_G8_ID376,Level 4,1
STU_G8_ID376,Level 4,0
STU_G8_ID376,Level 4,1
STU_G8_ID376,Level 4,1
STU_G8_ID376,Level 4,1
STU_G8_ID376,Level 4,1
STU_G8_ID376,Level 4,0
STU_G8_ID376,Level 4,1
STU_G8_ID376,Level 4,1
STU_G8_ID376,Level 3,0
STU_G8_ID376,Level 4,1
STU_G8_ID376,Level 4,1
STU_G8_ID376,Level 3,0
STU_G8_ID376,Level 4,1
STU_G8_ID376,Level 4,1
STU_G8_ID376,Level 4,1
STU_G8_ID376,Level 1,0
STU_G8_ID376,Level 2,1
STU_G8_ID376,Level 4,1
STU_G8_ID376,Level 4,1
STU_G8_ID376,Level 4,1
STU_G8_ID376,Level 4,1
STU_G8_ID376,Level 4,1
STU_G8_ID376,Level 4,0
STU_G8_ID376,Level 4,1
STU_G8_ID376,Level 4,1
STU_G8_ID376,Level 4,1
STU_G8_ID376,Level 4,0
STU_G8_ID376,Level 1,1
STU_G8_ID376,Level 4,1
STU_G8_ID376,Level 4,1
STU_G8_ID376,Level 4,1
STU_G8_ID376,Level 4,1
STU_G8_ID376,Level 4,0
STU_G8_ID376,Level 1,0
STU_G8_ID376,Level 4,1
STU_G8_ID376,Level 4,1
STU_G8_ID376,Level 4,1
STU_G8_ID376,Level 4,0
STU_G8_ID376,Level 4,0
STU_G8_ID376,Level 4,0
STU_G8_ID376,Level 1,1
STU_G8_ID376,Level 3,1
STU_G8_ID376,Level 3,1
STU_G8_ID376,Level 4,1
STU_G8_ID376,Level 1,0
STU_G8_ID376,Level 2,1
STU_G8_ID376,Level 4,1
STU_G8_ID376,Level 4,0
STU_G8_ID376,Level 4,1
STU_G8_ID376,Level 4,1
STU_G8_ID376,Level 2,1
STU_G8_ID376,Level 4,1
STU_G8_ID376,Level 4,0
STU_G8_ID376,Level 4,1
STU_G8_ID443,Level 3,1
STU_G8_ID443,Level 1,1
STU_G8_ID443,Level 1,1
STU_G8_ID443,Level 1,1
STU_G8_ID443,Level 2,1
STU_G8_ID443,Level 1,1
STU_G8_ID443,Level 3,1
STU_G8_ID443,Level 1,0
STU_G8_ID443,Level 3,1
STU_G8_ID443,Level 1,0
STU_G8_ID443,Level 1,0
STU_G8_ID443,Level 1,1
STU_G8_ID443,Level 4,0
STU_G8_ID443,Level 1,1
STU_G8_ID443,Level 2,1
STU_G8_ID443,Level 1,0
STU_G8_ID443,Level 3,1
STU_G8_ID443,Level 1,1
STU_G8_ID443,Level 1,0
STU_G8_ID443,Level 4,1
STU_G8_ID443,Level 4,1
STU_G8_ID443,Level 1,1
STU_G8_ID443,Level 3,1
STU_G8_ID443,Level 1,1
STU_G8_ID443,Level 2,1
STU_G8_ID443,Level 4,1
STU_G8_ID443,Level 4,1
STU_G8_ID443,Level 1,0
STU_G8_ID443,Level 1,1
STU_G8_ID443,Level 2,1
STU_G8_ID443,Level 2,1
STU_G8_ID443,Level 1,0
STU_G8_ID443,Level 4,0
STU_G8_ID443,Level 1,1
STU_G8_ID443,Level 2,1
STU_G8_ID443,Level 4,1
STU_G8_ID443,Level 1,1
STU_G8_ID443,Level 2,1
STU_G8_ID443,Level 2,1
STU_G8_ID443,Level 4,0
STU_G8_ID443,Level 1,1
STU_G8_ID443,Level 1,1
STU_G8_ID443,Level 1,0
STU_G8_ID443,Level 1,1
STU_G8_ID443,Level 3,1
STU_G8_ID443,Level 1,1
STU_G8_ID443,Level 4,0
STU_G8_ID443,Level 2,0
STU_G8_ID443,Level 3,1
STU_G8_ID443,Level 4,0
STU_G8_ID443,Level 1,1
STU_G8_ID443,Level 1,1
STU_G8_ID443,Level 1,0
STU_G8_ID443,Level 1,1
STU_G8_ID443,Level 1,0
STU_G8_ID443,Level 2,0
STU_G8_ID443,Level 2,0
STU_G8_ID443,Level 4,1
STU_G8_ID443,Level 4,0
STU_G8_ID443,Level 1,1
STU_G8_ID443,Level 4,0
STU_G8_ID443,Level 3,0
STU_G8_ID443,Level 4,1
STU_G8_ID443,Level 1,0
STU_G8_ID443,Level 4,1
STU_G8_ID443,Level 2,1
STU_G8_ID443,Level 3,1
STU_G8_ID443,Level 3,1
STU_G8_ID443,Level 1,1
STU_G8_ID443,Level 3,0
STU_G8_ID443,Level 4,1
STU_G8_ID443,Level 3,1
STU_G8_ID443,Level 4,1
STU_G8_ID443,Level 3,1
STU_G8_ID443,Level 1,0
STU_G8_ID443,Level 3,1
STU_G8_ID443,Level 2,1
STU_G8_ID443,Level 4,0
STU_G8_ID443,Level 1,1
STU_G8_ID443,Level 2,1
STU_G8_ID443,Level 4,1
STU_G8_ID443,Level 3,1
STU_G8_ID443,Level 1,1
STU_G8_ID443,Level 1,1
STU_G8_ID443,Level 4,1
STU_G8_ID443,Level 4,1
STU_G8_ID443,Level 2,1
STU_G8_ID443,Level 1,0
STU_G8_ID443,Level 2,1
STU_G8_ID443,Level 2,0
STU_G8_ID443,Level 4,1
STU_G8_ID443,Level 1,0
STU_G8_ID443,Level 4,1
STU_G8_ID443,Level 4,0
STU_G8_ID443,Level 3,1
STU_G8_ID443,Level 4,1
STU_G8_ID443,Level 1,1
STU_G8_ID443,Level 4,1
STU_G8_ID443,Level 1,0
STU_G8_ID443,Level 1,1
STU_G8_ID443,Level 4,1
STU_G8_ID443,Level 4,1
STU_G8_ID443,Level 3,0
STU_G8_ID443,Level 2,1
STU_G8_ID443,Level 1,0
STU_G8_ID443,Level 4,1
STU_G8_ID443,Level 3,1
STU_G8_ID443,Level 1,0
STU_G8_ID443,Level 2,1
STU_G8_ID443,Level 1,1
STU_G8_ID443,Level 4,1
STU_G8_ID443,Level 1,1
STU_G8_ID443,Level 3,0
STU_G8_ID456,Level 2,1
STU_G8_ID456,Level 2,0
STU_G8_ID456,Level 1,1
STU_G8_ID456,Level 4,0
STU_G8_ID456,Level 1,1
STU_G8_ID456,Level 1,1
STU_G8_ID456,Level 1,0
STU_G8_ID456,Level 1,1
STU_G8_ID456,Level 4,1
STU_G8_ID456,Level 3,1
STU_G8_ID456,Level 3,1
STU_G8_ID456,Level 4,1
STU_G8_ID456,Level 4,1
STU_G8_ID456,Level 3,0
STU_G8_ID456,Level 1,1
STU_G8_ID456,Level 4,0
STU_G8_ID456,Level 4,1
STU_G8_ID456,Level 2,1
STU_G8_ID456,Level 3,1
STU_G8_ID456,Level 4,1
STU_G8_ID456,Level 2,1
STU_G8_ID456,Level 1,1
STU_G8_ID456,Level 4,1
STU_G8_ID456,Level 4,0
STU_G8_ID456,Level 4,1
STU_G8_ID456,Level 2,1
STU_G8_ID456,Level 3,1
STU_G8_ID456,Level 4,0
STU_G8_ID456,Level 4,1
STU_G8_ID456,Level 4,1
STU_G8_ID456,Level 3,1
STU_G8_ID456,Level 4,1
STU_G8_ID456,Level 4,0
STU_G8_ID456,Level 4,1
STU_G8_ID456,Level 4,1
STU_G8_ID456,Level 4,0
STU_G8_ID456,Level 2,1
STU_G8_ID456,Level 4,1
STU_G8_ID456,Level 1,1
STU_G8_ID456,Level 4,1
STU_G8_ID456,Level 4,1
STU_G8_ID456,Level 4,1
STU_G8_ID456,Level 1,1
STU_G8_ID456,Level 3,1
STU_G8_ID456,Level 2,1
STU_G8_ID456,Level 2,0
STU_G8_ID456,Level 4,1
STU_G8_ID456,Level 1,1
STU_G8_ID456,Level 4,1
STU_G8_ID456,Level 4,1
STU_G8_ID456,Level 1,1
STU_G8_ID456,Level 3,1
STU_G8_ID456,Level 4,0
STU_G8_ID456,Level 4,0
STU_G8_ID456,Level 4,1
STU_G8_ID456,Level 4,0
STU_G8_ID456,Level 4,0
STU_G8_ID456,Level 1,1
STU_G8_ID456,Level 3,1
STU_G8_ID456,Level 3,1
STU_G8_ID456,Level 4,1
STU_G8_ID456,Level 3,1
STU_G8_ID456,Level 1,1
STU_G8_ID456,Level 3,0
STU_G8_ID456,Level 1,1
STU_G8_ID456,Level 1,1
STU_G8_ID456,Level 2,1
STU_G8_ID456,Level 4,1
STU_G8_ID456,Level 3,0
STU_G8_ID456,Level 3,0
STU_G8_ID456,Level 4,1
STU_G8_ID456,Level 2,1
STU_G8_ID456,Level 3,0
STU_G8_ID456,Level 2,1
STU_G8_ID456,Level 3,1
STU_G8_ID456,Level 3,0
STU_G8_ID456,Level 4,0
STU_G8_ID456,Level 4,1
STU_G8_ID456,Level 2,0
STU_G8_ID456,Level 1,1
STU_G8_ID456,Level 4,1
STU_G8_ID456,Level 3,1
STU_G8_ID456,Level 4,0
STU_G8_ID456,Level 4,1
STU_G8_ID456,Level 4,1
STU_G8_ID456,Level 1,0
STU_G8_ID456,Level 4,1
STU_G8_ID456,Level 4,1
STU_G8_ID456,Level 1,1
STU_G8_ID456,Level 4,0
STU_G8_ID456,Level 2,1
STU_G8_ID456,Level 4,0
STU_G8_ID456,Level 2,1
STU_G8_ID456,Level 4,0
STU_G8_ID456,Level 2,1
STU_G8_ID456,Level 2,1
STU_G8_ID456,Level 4,0
STU_G8_ID456,Level 4,1
STU_G8_ID456,Level 4,1
STU_G8_ID456,Level 4,1
STU_G8_ID456,Level 4,1
STU_G8_ID456,Level 4,0
STU_G8_ID456,Level 2,1
STU_G8_ID456,Level 4,0
STU_G8_ID456,Level 2,1
STU_G8_ID456,Level 3,1
STU_G8_ID456,Level 3,1
STU_G8_ID754,Level 4,1
STU_G8_ID754,Level 1,1
STU_G8_ID754,Level 2,1
STU_G8_ID754,Level 3,1
STU_G8_ID754,Level 4,1
STU_G8_ID754,Level 2,1
STU_G8_ID754,Level 2,1
STU_G8_ID754,Level 3,1
STU_G8_ID754,Level 4,1
STU_G8_ID754,Level 3,1
STU_G8_ID754,Level 3,1
STU_G8_ID754,Level 1,1
STU_G8_ID754,Level 2,1
STU_G8_ID754,Level 3,1
STU_G8_ID754,Level 1,1
STU_G8_ID754,Level 4,1
STU_G8_ID754,Level 4,1
STU_G8_ID754,Level 4,0
STU_G8_ID754,Level 1,1
STU_G8_ID754,Level 1,1
STU_G8_ID754,Level 2,1
STU_G8_ID754,Level 1,1
STU_G8_ID754,Level 2,1
STU_G8_ID754,Level 4,1
STU_G8_ID754,Level 4,1
STU_G8_ID754,Level 3,1
STU_G8_ID754,Level 3,1
STU_G8_ID754,Level 1,1
STU_G8_ID754,Level 3,1
STU_G8_ID754,Level 2,1
STU_G8_ID754,Level 3,1
STU_G8_ID754,Level 4,1
STU_G8_ID754,Level 4,1
STU_G8_ID754,Level 4,1
STU_G8_ID754,Level 1,1
STU_G8_ID754,Level 3,1
STU_G8_ID754,Level 2,1
STU_G8_ID754,Level 2,1
STU_G8_ID754,Level 2,1
STU_G8_ID754,Level 3,0
STU_G8_ID754,Level 2,1
STU_G8_ID754,Level 1,1
STU_G8_ID754,Level 4,1
STU_G8_ID754,Level 4,1
STU_G8_ID754,Level 3,1
STU_G8_ID754,Level 4,1
STU_G8_ID754,Level 2,1
STU_G8_ID754,Level 3,1
STU_G8_ID754,Level 1,1
STU_G8_ID754,Level 2,1
STU_G8_ID754,Level 4,1
STU_G8_ID754,Level 2,1
STU_G8_ID754,Level 3,1
STU_G8_ID754,Level 4,1
STU_G8_ID754,Level 1,1
STU_G8_ID754,Level 1,1
STU_G8_ID754,Level 1,1
STU_G8_ID754,Level 1,1
STU_G8_ID754,Level 2,1
STU_G8_ID754,Level 1,1
STU_G8_ID754,Level 3,1
STU_G8_ID754,Level 3,1
STU_G8_ID1107,Level 3,1
STU_G8_ID1107,Level 3,1
STU_G8_ID1107,Level 2,1
STU_G8_ID1107,Level 2,1
STU_G8_ID1107,Level 1,1
STU_G8_ID1107,Level 4,0
STU_G8_ID1107,Level 1,1
STU_G8_ID1107,Level 1,1
STU_G8_ID1107,Level 4,1
STU_G8_ID1107,Level 4,1
STU_G8_ID1107,Level 3,1
STU_G8_ID1107,Level 2,1
STU_G8_ID1107,Level 1,1
STU_G8_ID1107,Level 2,1
STU_G8_ID1107,Level 4,0
STU_G8_ID1107,Level 4,1
STU_G8_ID1107,Level 4,1
STU_G8_ID1107,Level 4,1
STU_G8_ID1107,Level 2,1
STU_G8_ID1107,Level 1,1
STU_G8_ID1107,Level 3,1
STU_G8_ID1107,Level 2,1
STU_G8_ID1107,Level 1,1
STU_G8_ID1107,Level 4,1
STU_G8_ID1107,Level 3,1
STU_G8_ID1107,Level 4,1
STU_G8_ID1107,Level 1,1
STU_G8_ID1107,Level 1,1
STU_G8_ID1107,Level 2,1
STU_G8_ID1107,Level 2,1
STU_G8_ID1107,Level 3,1
STU_G8_ID1107,Level 4,1
STU_G8_ID1107,Level 1,1
STU_G8_ID1107,Level 4,1
STU_G8_ID1107,Level 3,1
STU_G8_ID1107,Level 1,1
STU_G8_ID1107,Level 3,1
STU_G8_ID1107,Level 1,1
STU_G8_ID1107,Level 1,1
STU_G8_ID1107,Level 4,1
STU_G8_ID1107,Level 2,1
STU_G8_ID1107,Level 3,1
STU_G8_ID1107,Level 1,1
STU_G8_ID1107,Level 3,1
STU_G8_ID1107,Level 3,1
STU_G8_ID1107,Level 4,1
STU_G8_ID1107,Level 3,1
STU_G8_ID1107,Level 4,1
STU_G8_ID1107,Level 3,1
STU_G8_ID1107,Level 4,0
STU_G8_ID1107,Level 3,1
STU_G8_ID1107,Level 2,1
STU_G8_ID1107,Level 2,1
STU_G8_ID1107,Level 1,0
STU_G8_ID1107,Level 4,1
STU_G8_ID1107,Level 3,1
STU_G8_ID1107,Level 2,1
STU_G8_ID1107,Level 2,1
STU_G8_ID1107,Level 4,1
STU_G8_ID1107,Level 1,1
STU_G8_ID1107,Level 4,1
STU_G8_ID1107,Level 2,1
STU_G8_ID1107,Level 2,1
STU_G8_ID1107,Level 1,1
STU_G8_ID1200,Level 4,1
STU_G8_ID1200,Level 4,0
STU_G8_ID1200,Level 4,1
STU_G8_ID1200,Level 1,0
STU_G8_ID1200,Level 4,1
STU_G8_ID1200,Level 1,0
STU_G8_ID1200,Level 3,1
STU_G8_ID1200,Level 3,1
STU_G8_ID1200,Level 4,1
STU_G8_ID1200,Level 4,0
STU_G8_ID1200,Level 2,1
STU_G8_ID1200,Level 1,1
STU_G8_ID1200,Level 2,1
STU_G8_ID1200,Level 1,1
STU_G8_ID1200,Level 2,1
STU_G8_ID1200,Level 2,1
STU_G8_ID1200,Level 2,1
STU_G8_ID1200,Level 4,1
STU_G8_ID1200,Level 4,1
STU_G8_ID1200,Level 4,0
STU_G8_ID1200,Level 4,1
STU_G8_ID1200,Level 3,1
STU_G8_ID1200,Level 4,1
STU_G8_ID1200,Level 3,1
STU_G8_ID1200,Level 4,1
STU_G8_ID1200,Level 1,1
STU_G8_ID1200,Level 1,1
STU_G8_ID1200,Level 2,0
STU_G8_ID1200,Level 3,1
STU_G8_ID1200,Level 3,1
STU_G8_ID1200,Level 1,0
STU_G8_ID1200,Level 1,1
STU_G8_ID1200,Level 1,1
STU_G8_ID1200,Level 3,1
STU_G8_ID1200,Level 4,0
STU_G8_ID1200,Level 2,1
STU_G8_ID1200,Level 1,1
STU_G8_ID1200,Level 2,1
STU_G8_ID1200,Level 3,1
STU_G8_ID1200,Level 4,0
STU_G8_ID1200,Level 4,1
STU_G8_ID1200,Level 4,0
STU_G8_ID1200,Level 1,1
STU_G8_ID1200,Level 1,1
STU_G8_ID1200,Level 2,0
STU_G8_ID1200,Level 1,1
STU_G8_ID1200,Level 2,0
STU_G8_ID1200,Level 4,0
STU_G8_ID1200,Level 4,1
STU_G8_ID1200,Level 4,0
STU_G8_ID1200,Level 2,1
STU_G8_ID1200,Level 3,0
STU_G8_ID1200,Level 2,1
STU_G8_ID1200,Level 3,1
STU_G8_ID1200,Level 3,1
STU_G8_ID1200,Level 1,0
STU_G8_ID1200,Level 2,1
STU_G8_ID1200,Level 4,1
STU_G8_ID1200,Level 2,1
STU_G8_ID1200,Level 2,1
STU_G8_ID1200,Level 3,1
STU_G8_ID1200,Level 2,1
STU_G8_ID1200,Level 3,1
STU_G8_ID1200,Level 1,1
STU_G8_ID1200,Level 4,1
STU_G8_ID1200,Level 3,0
STU_G8_ID1200,Level 2,0
STU_G8_ID1200,Level 1,1
STU_G8_ID1200,Level 3,1
STU_G8_ID1200,Level 4,1
STU_G8_ID1200,Level 1,1
STU_G8_ID1200,Level 4,1
STU_G8_ID1200,Level 3,1
STU_G8_ID1200,Level 3,0
STU_G8_ID1200,Level 4,0
STU_G8_ID1200,Level 1,1
STU_G8_ID1200,Level 3,1
STU_G8_ID1200,Level 4,1
STU_G8_ID1200,Level 2,0
STU_G8_ID1200,Level 2,1
STU_G8_ID1200,Level 4,0
STU_G8_ID1200,Level 4,0
STU_G8_ID1200,Level 4,1
STU_G8_ID1200,Level 2,1
STU_G8_ID1200,Level 2,1
STU_G8_ID1200,Level 2,1
STU_G8_ID1200,Level 3,0
STU_G8_ID1200,Level 3,1
STU_G8_ID1200,Level 3,1
STU_G8_ID1200,Level 4,1
STU_G8_ID1200,Level 4,1
STU_G8_ID1200,Level 1,1
STU_G8_ID1200,Level 3,1
STU_G8_ID1200,Level 1,1
STU_G8_ID1200,Level 4,0
STU_G8_ID1200,Level 4,1
STU_G8_ID1200,Level 4,0
STU_G8_ID1200,Level 1,1
STU_G8_ID1200,Level 3,1
STU_G8_ID1200,Level 4,0
STU_G8_ID1200,Level 4,0
STU_G8_ID1200,Level 3,1
STU_G8_ID1200,Level 2,1
STU_G8_ID1200,Level 3,1
STU_G8_ID1200,Level 4,1
STU_G8_ID1200,Level 3,1
STU_G8_ID1200,Level 1,1
STU_G8_ID1200,Level 4,0
STU_G8_ID1200,Level 3,1
STU_G8_ID1200,Level 2,0
STU_G8_ID1200,Level 3,1
STU_G8_ID1200,Level 3,1
STU_G8_ID1200,Level 2,0
STU_G8_ID1200,Level 4,1
STU_G8_ID1200,Level 3,1
STU_G8_ID1200,Level 1,0
STU_G8_ID1200,Level 4,1
STU_G8_ID1200,Level 2,1
STU_G8_ID1200,Level 2,1
STU_G8_ID1200,Level 2,1
STU_G8_ID1200,Level 4,1
STU_G8_ID1200,Level 2,1
STU_G8_ID1200,Level 4,1
STU_G8_ID1200,Level 2,1
STU_G8_ID1200,Level 1,1
STU_G8_ID1200,Level 3,1
STU_G8_ID1200,Level 3,1
STU_G8_ID1200,Level 4,1
STU_G8_ID1200,Level 4,1
STU_G8_ID1200,Level 3,1
STU_G8_ID1200,Level 1,1
STU_G8_ID1200,Level 2,1
STU_G8_ID1200,Level 3,1
STU_G8_ID1200,Level 3,1
STU_G8_ID1200,Level 2,0
STU_G8_ID1200,Level 1,1
STU_G8_ID1200,Level 2,0
STU_G8_ID1200,Level 2,0
STU_G8_ID1200,Level 4,0
STU_G8_ID1200,Level 2,1
STU_G8_ID1200,Level 2,1
STU_G8_ID1200,Level 4,0
STU_G8_ID1200,Level 4,0
STU_G8_ID1200,Level 2,1
STU_G8_ID1200,Level 2,1
STU_G8_ID1200,Level 3,0
STU_G8_ID1200,Level 2,1
STU_G8_ID1200,Level 3,1
STU_G8_ID1200,Level 4,1
STU_G8_ID1200,Level 3,1
STU_G8_ID1200,Level 3,1
STU_G8_ID1200,Level 4,0
STU_G8_ID1200,Level 2,1
STU_G8_ID1200,Level 2,1
STU_G8_ID1200,Level 2,1
STU_G8_ID1200,Level 4,0
STU_G8_ID1200,Level 4,1
STU_G8_ID1200,Level 1,0
STU_G8_ID1200,Level 1,1
STU_G8_ID1200,Level 2,1
STU_G8_ID1200,Level 2,1
STU_G8_ID1200,Level 4,0
STU_G8_ID1200,Level 4,0
STU_G8_ID1200,Level 2,1
STU_G8_ID1200,Level 3,0
STU_G8_ID1200,Level 1,0
STU_G8_ID1200,Level 4,1
STU_G8_ID1200,Level 3,1
STU_G8_ID1200,Level 2,1
STU_G8_ID1200,Level 4,0
STU_G8_ID1200,Level 3,1
STU_G8_ID1200,Level 2,1
STU_G8_ID1200,Level 2,1
STU_G8_ID1200,Level 4,0
STU_G8_ID1200,Level 4,1
STU_G8_ID1200,Level 4,1
STU_G8_ID1200,Level 2,1
STU_G8_ID1200,Level 3,1
STU_G8_ID1200,Level 3,1
STU_G8_ID1200,Level 4,1
STU_G8_ID1200,Level 1,1
STU_G8_ID1200,Level 2,0
STU_G8_ID1200,Level 3,1
STU_G8_ID1200,Level 3,1
STU_G8_ID1200,Level 4,1
STU_G8_ID1200,Level 4,0
STU_G8_ID1200,Level 4,1
STU_G8_ID1200,Level 4,1
STU_G8_ID1200,Level 4,1
STU_G8_ID1200,Level 1,1
STU_G8_ID1200,Level 2,1
STU_G8_ID1200,Level 3,0
STU_G8_ID1200,Level 3,0
STU_G8_ID1200,Level 4,0
STU_G8_ID1200,Level 1,0
STU_G8_ID1200,Level 1,0
STU_G8_ID1200,Level 1,1
STU_G8_ID1200,Level 4,0
STU_G8_ID1200,Level 4,0
STU_G8_ID1200,Level 4,1
STU_G8_ID1200,Level 4,0
STU_G8_ID1258,Level 1,0
STU_G8_ID1258,Level 2,1
STU_G8_ID1258,Level 3,1
STU_G8_ID1258,Level 3,1
STU_G8_ID1258,Level 2,1
STU_G8_ID1258,Level 1,1
STU_G8_ID1258,Level 4,1
STU_G8_ID1258,Level 4,1
STU_G8_ID1258,Level 1,1
STU_G8_ID1258,Level 4,1
STU_G8_ID1258,Level 1,1
STU_G8_ID1258,Level 2,1
STU_G8_ID1258,Level 2,1
STU_G8_ID1258,Level 1,1
STU_G8_ID1258,Level 3,1
STU_G8_ID1258,Level 3,0
STU_G8_ID1258,Level 2,1
STU_G8_ID1258,Level 1,1
STU_G8_ID1258,Level 1,0
STU_G8_ID1258,Level 4,0
STU_G8_ID1258,Level 2,1
STU_G8_ID1258,Level 1,1
STU_G8_ID1258,Level 4,1
STU_G8_ID1258,Level 4,0
STU_G8_ID1258,Level 1,0
STU_G8_ID1258,Level 3,1
STU_G8_ID1258,Level 2,0
STU_G8_ID1258,Level 3,1
STU_G8_ID1258,Level 4,1
STU_G8_ID1258,Level 1,1
STU_G8_ID1258,Level 1,0
STU_G8_ID1258,Level 2,1
STU_G8_ID1258,Level 3,1
STU_G8_ID1258,Level 1,1
STU_G8_ID1258,Level 1,1
STU_G8_ID1258,Level 2,1
STU_G8_ID1258,Level 1,1
STU_G8_ID1258,Level 2,1
STU_G8_ID1258,Level 4,1
STU_G8_ID1258,Level 1,0
STU_G8_ID1258,Level 1,0
STU_G8_ID1258,Level 4,1
STU_G8_ID1258,Level 4,1
STU_G8_ID1258,Level 4,1
STU_G8_ID1258,Level 1,1
STU_G8_ID1258,Level 1,1
STU_G8_ID1258,Level 3,1
STU_G8_ID1258,Level 2,1
STU_G8_ID1258,Level 4,1
STU_G8_ID1258,Level 4,0
STU_G8_ID1258,Level 4,1
STU_G8_ID1258,Level 1,1
STU_G8_ID1258,Level 2,1
STU_G8_ID1258,Level 1,1
STU_G8_ID1258,Level 3,0
STU_G8_ID1258,Level 4,1
STU_G8_ID1258,Level 3,1
STU_G8_ID1258,Level 4,1
STU_G8_ID1258,Level 2,1
STU_G8_ID1258,Level 1,0
STU_G8_ID1258,Level 3,0
STU_G8_ID1258,Level 1,1
STU_G8_ID1258,Level 3,1
STU_G8_ID1258,Level 3,1
STU_G8_ID1258,Level 3,1
STU_G8_ID1258,Level 3,1
STU_G8_ID1258,Level 1,1
STU_G8_ID1258,Level 2,1
STU_G8_ID1258,Level 4,1
STU_G8_ID1258,Level 2,1
STU_G8_ID1258,Level 1,0
STU_G8_ID1258,Level 1,1
STU_G8_ID1258,Level 2,1
STU_G8_ID1258,Level 4,1
STU_G8_ID1258,Level 3,1
STU_G8_ID1258,Level 3,1
STU_G8_ID1258,Level 3,1
STU_G8_ID1307,Level 3,0
STU_G8_ID1307,Level 4,1
STU_G8_ID1307,Level 4,0
STU_G8_ID1307,Level 4,1
STU_G8_ID1307,Level 3,1
STU_G8_ID1307,Level 1,1
STU_G8_ID1307,Level 3,1
STU_G8_ID1307,Level 1,1
STU_G8_ID1307,Level 1,1
STU_G8_ID1307,Level 2,1
STU_G8_ID1307,Level 4,1
STU_G8_ID1307,Level 4,1
STU_G8_ID1307,Level 1,1
STU_G8_ID1307,Level 3,0
STU_G8_ID1307,Level 2,1
STU_G8_ID1307,Level 4,0
STU_G8_ID1307,Level 3,1
STU_G8_ID1307,Level 3,1
STU_G8_ID1307,Level 1,1
STU_G8_ID1307,Level 1,1
STU_G8_ID1307,Level 2,1
STU_G8_ID1307,Level 4,1
STU_G8_ID1307,Level 3,0
STU_G8_ID1307,Level 1,1
STU_G8_ID1307,Level 4,1
STU_G8_ID1307,Level 4,1
STU_G8_ID1307,Level 3,0
STU_G8_ID1307,Level 3,0
STU_G8_ID1307,Level 3,1
STU_G8_ID1307,Level 3,1
STU_G8_ID1307,Level 4,1
STU_G8_ID1307,Level 1,1
STU_G8_ID1307,Level 4,1
STU_G8_ID1307,Level 4,0
STU_G8_ID1307,Level 1,1
STU_G8_ID1307,Level 1,1
STU_G8_ID1307,Level 3,1
STU_G8_ID1307,Level 2,1
STU_G8_ID1307,Level 3,1
STU_G8_ID1307,Level 3,1
STU_G8_ID1307,Level 3,1
STU_G8_ID1307,Level 4,1
STU_G8_ID1307,Level 4,1
STU_G8_ID1307,Level 4,1
STU_G8_ID1307,Level 2,1
STU_G8_ID1307,Level 4,1
STU_G8_ID1307,Level 2,1
STU_G8_ID1307,Level 1,1
STU_G8_ID1307,Level 1,1
STU_G8_ID1307,Level 4,0
STU_G8_ID1307,Level 1,1
STU_G8_ID1307,Level 4,1
STU_G8_ID1307,Level 2,1
STU_G8_ID1307,Level 2,1
STU_G8_ID1307,Level 2,1
STU_G8_ID1307,Level 3,1
STU_G8_ID1307,Level 4,1
STU_G8_ID1307,Level 3,1
STU_G8_ID1307,Level 2,1
STU_G8_ID1307,Level 2,0
STU_G8_ID1307,Level 2,1
STU_G8_ID1307,Level 2,1
STU_G8_ID1307,Level 3,1
STU_G8_ID1307,Level 3,1
STU_G8_ID1307,Level 4,1
STU_G8_ID1307,Level 1,1
STU_G8_ID1307,Level 4,0
STU_G8_ID1307,Level 4,1
STU_G8_ID1307,Level 3,1
STU_G8_ID1307,Level 4,0
STU_G8_ID1307,Level 4,1
STU_G8_ID1307,Level 2,1
STU_G8_ID1307,Level 4,1
STU_G8_ID1307,Level 3,1
STU_G8_ID1307,Level 4,1
STU_G8_ID1307,Level 2,1
STU_G8_ID1307,Level 4,0
STU_G8_ID1307,Level 3,0
STU_G8_ID1307,Level 1,1
STU_G8_ID1307,Level 3,0
STU_G8_ID1307,Level 2,1